{
    "n_clusters": 2,
    "silhouette": 0.2365124607290968,
    "davies_bouldin": 3.100330059636045,
    "calinski_harabasz": 411.218740634164,
    "noise_percentage": 0,
    "cluster_sizes": {
        "0": 1203,
        "1": 4675
    },
    "separation": 1.221710437405952e+16,
    "timestamp": "2026-02-19T11:56:20.445990",
    "algorithm": "gmm"
}