Cluster,Segment Type,Size,Percentage,Avg Recency,Avg Frequency,Avg Monetary,Total Revenue,Revenue %
0,💎 Regular Spenders,5690,99.89466292134831,204.79420035149386,5.328119507908611,1957.7161695957818,11139405.004999999,99.98846750046461
1,👤 One-Time Buyers,6,0.10533707865168539,4.0,1.0,214.13333333333333,1284.8,0.011532499535382226
